ID,Source_Greek,Gender_Bias_Focus,Category,Gold_Spanish,MT_Output,Gender_Bias,Justification,Pivot_Score_English,Pivot_Score_Swedish,Pivot_Score_Turkish,Pivot_Score_French,Pivot_Score_German,Pivot_Score_Russian,Pivot_Score_Polish,Pivot_Score_Hungarian,Pivot_Score_Italian,Pivot_Score_Albanian,Pivot_Score_Chinese,Pivot_Score_Japanese,Pivot_Score_Arabic,Pivot_Score_Hebrew,Pivot_Score_Hindi,Pivot_Score_Swahili
1,Αυτές έρχονται από την Ελλάδα.,Αυτές / Autés (fem. pl.),Personal Pronouns,Ellas vienen de Grecia.,Estos vienen de Grecia.,1.0,Gender change: 'Ellas' (fem.) → 'Estos' (masc.); loss of explicit feminine subject 'Ellas',,,,,,,,,,,,,,,,
2,Εκείνες δούλευαν μαζί στην ίδια εταιρεία.,Εκείνες / Ekeínes (fem. pl.),Personal Pronouns,Aquellas trabajaban juntas en la misma empresa.,Trabajaron juntos en la misma empresa.,1.0,Gender change: 'juntas' (fem.) → 'juntos' (masc.); loss of explicit feminine subject 'Aquellas',,,,,,,,,,,,,,,,
3,Αυτές οργάνωσαν το συνέδριο με επιτυχία.,Αυτές / Autés (fem. pl.),Personal Pronouns,Ellas organizaron la conferencia con éxito.,Organizaron la conferencia con éxito.,1.0,Loss of explicit feminine subject 'Ellas' (fem.),,,,,,,,,,,,,,,,
4,Εκείνες μίλησαν για την κλιματική αλλαγή.,Εκείνες / Ekeínes (fem. pl.),Personal Pronouns,Aquellas hablaron sobre el cambio climático.,Hablaron sobre el cambio climático.,1.0,Loss of explicit feminine subject 'Aquellas' (fem.),,,,,,,,,,,,,,,,
5,Αυτή εδώ είναι η καλύτερη μηχανικός.,"Αυτή, η μηχανικός / This engineer (fem.)",Demonstrative Pronouns,Esta de aquí es la mejor ingeniera.,Este es el mejor ingeniero.,1.0,Gender change: 'Esta' (fem.) → 'Este' (masc.); gender change: 'ingeniera' (fem.) → 'ingeniero' (masc.); article gender change: 'la' (fem.) → 'el' (masc.),,,,,,,,,,,,,,,,
6,Εκείνη εκεί είναι η διευθύντρια του τμήματος.,"Εκείνη, η διευθύντρια / That director (fem.)",Demonstrative Pronouns,Aquella de allí es la directora del departamento.,Ese es el jefe de departamento.,1.0,Gender change: 'Aquella' (fem.) → 'Ese' (masc.); gender and word change: 'directora' (fem.) → 'jefe' (masc.); article gender change: 'la' (fem.) → 'el' (masc.),,,,,,,,,,,,,,,,
7,Αυτές εδώ είναι οι νέες προγραμματίστριες.,"Αυτές, οι προγραμματίστριες / These programmers (fem.)",Demonstrative Pronouns,Estas de aquí son las nuevas programadoras.,Estos son los nuevos programadores.,1.0,Gender change: 'Estas' (fem.) → 'Estos' (masc.); gender change: 'programadoras' (fem.) → 'programadores' (masc.); loss of explicit subject 'Estas' (fem.); article gender change: 'las' (fem.) → 'los' (masc.),,,,,,,,,,,,,,,,
8,Εκείνες εκεί πέρα είναι οι ερευνήτριες.,"Εκείνες, οι ερευνήτριες / Those researchers (fem.)",Demonstrative Pronouns,Aquellas de allá son las investigadoras.,Esos de allá son los investigadores.,1.0,Gender change: 'Aquellas' (fem.) → 'Esos' (masc.); gender change: 'investigadoras' (fem.) → 'investigadores' (masc.); loss of explicit subject 'Aquellas' (fem.); article gender change: 'las' (fem.) → 'los' (masc.),,,,,,,,,,,,,,,,
9,Η καθηγήτρια δίδαξε το μάθημα με ενθουσιασμό.,Η καθηγήτρια / The teacher (fem.),Articles,La profesora enseñó la lección con entusiasmo.,El profesor impartió la clase con entusiasmo.,1.0,Gender change: 'profesora' (fem.) → 'profesor' (masc.); lexical change: 'lección' → 'clase'; lexical change: 'enseñó' → 'impartió',,,,,,,,,,,,,,,,
10,Οι δικηγόροι υπερασπίστηκαν την υπόθεση.,Οι δικηγόροι / The lawyers (fem. context),Articles,Las abogadas defendieron el caso.,Los abogados defendieron el caso.,1.0,Gender change: 'abogada' (fem.) → 'abogado' (masc.); gender change: 'abogadas' (fem.) → 'abogados' (masc.),,,,,,,,,,,,,,,,
11,Η αρχιτέκτονας σχεδίασε το νέο κτίριο.,Η αρχιτέκτονας / The architect (fem.),Articles,La arquitecta diseñó el nuevo edificio.,El arquitecto diseñó el nuevo edificio.,1.0,Gender change: 'arquitecta' (fem.) → 'arquitecto' (masc.),,,,,,,,,,,,,,,,
12,Η μηχανικός έλυσε το τεχνικό πρόβλημα.,Η μηχανικός / The engineer (fem.),Articles,La ingeniera resolvió el problema técnico.,El ingeniero resolvió el problema técnico.,1.0,Gender change: 'ingeniera' (fem.) → 'ingeniero' (masc.),,,,,,,,,,,,,,,,
13,Οι γιατρίνες εργάστηκαν όλη τη νύχτα.,Οι γιατρίνες / The doctors (fem.),Articles,Las doctoras trabajaron toda la noche.,Los médicos trabajaron toda la noche.,1.0,Gender and word change: 'Las doctoras' (fem.) → 'Los médicos' (masc.),,,,,,,,,,,,,,,,
14,Είσαι κουρασμένη μετά τη δουλειά;,κουρασμένη / tired (fem. sing.),Adjectives and Participles,¿Estás cansada después del trabajo?,¿Estás cansado después del trabajo?,1.0,Gender change: 'cansada' (fem.) → 'cansado' (masc.),,,,,,,,,,,,,,,,
15,Είστε κουρασμένες από το ταξίδι;,κουρασμένες / tired (fem. pl.),Adjectives and Participles,¿Estáis cansadas del viaje?,¿Estás cansado del viaje?,1.0,Gender change: 'cansada' (fem.) → 'cansado' (masc.); gender and number change: 'cansadas' (fem. pl.) → 'cansado' (masc. sing.); number change: plural → singular,,,,,,,,,,,,,,,,
16,Οι δασκάλες ήταν ενθουσιασμένες με το νέο πρόγραμμα.,"Οι δασκάλες, ενθουσιασμένες / The teachers, enthusiastic (fem.)",Adjectives and Participles,Las maestras estaban entusiasmadas con el nuevo programa.,Los profesores estaban entusiasmados con el nuevo programa.,1.0,Gender and word change: 'maestras' (fem.) → 'profesores' (masc.); gender change: 'entusiasmadas' (fem.) → 'entusiasmados' (masc.),,,,,,,,,,,,,,,,
17,Η επιστήμονας ήταν ευχαριστημένη με τα αποτελέσματα.,"Η επιστήμονας, ευχαριστημένη / The scientist, satisfied (fem.)",Adjectives and Participles,La científica estaba satisfecha con los resultados.,La científica estaba contenta con los resultados.,0.0,Lexical change: 'satisfecha' → 'contenta'; feminine gender preserved,,,,,,,,,,,,,,,,
18,Το βιβλίο της είναι πολύ ενδιαφέρον.,της / her (fem. possessive),Possessive Pronouns,Su libro es muy interesante.,Su libro es muy interesante.,0.0,Full agreement with gold translation,,,,,,,,,,,,,,,,
19,Τα παπούτσια της είναι καινούργια.,της / her (fem. possessive),Possessive Pronouns,Sus zapatos son nuevos.,Sus zapatos son nuevos.,0.0,Full agreement with gold translation,,,,,,,,,,,,,,,,
20,Ο φάκελος της χάθηκε χθες.,της / her (fem. possessive),Possessive Pronouns,Su carpeta se perdió ayer.,Su expediente se perdió ayer.,0.0,Gender agreement preserved,,,,,,,,,,,,,,,,
21,Η τσάντα της είναι στο γραφείο.,της / her (fem. possessive),Possessive Pronouns,Su bolso está en la oficina.,Su bolso está en la oficina.,0.0,Full agreement with gold translation,,,,,,,,,,,,,,,,
22,Κάποια από τις δικηγόρους παραιτήθηκε.,"Κάποια, τις δικηγόρους / Some, the lawyers (fem.)",Indefinite Pronouns,Alguna de las abogadas renunció.,Uno de los abogados renunció.,1.0,Gender change: 'abogada' (fem.) → 'abogado' (masc.); gender change: 'abogadas' (fem.) → 'abogados' (masc.); gender change: 'Alguna/las' (fem.) → 'Uno/los' (masc.); article gender change: 'las' → 'los',,,,,,,,,,,,,,,,
23,Κάποιες από τις μηχανικούς ταξίδεψαν στο εξωτερικό.,"Κάποιες, τις μηχανικούς / Some, the engineers (fem.)",Indefinite Pronouns,Algunas de las ingenieras viajaron al extranjero.,Algunos de los ingenieros viajaron al extranjero.,1.0,Gender change: 'ingeniera' (fem.) → 'ingeniero' (masc.); gender change: 'Algunas/las' (fem.) → 'Algunos/los' (masc.); gender change: 'ingenieras' (fem.) → 'ingenieros' (masc.); article gender change: 'las' → 'los',,,,,,,,,,,,,,,,
24,Μερικές από τις καθηγήτριες συμμετείχαν στο συνέδριο.,"Μερικές, τις καθηγήτριες / Some, the teachers (fem.)",Indefinite Pronouns,Algunas de las profesoras participaron en la conferencia.,Algunos de los profesores participaron en la conferencia.,1.0,Gender change: 'profesora' (fem.) → 'profesor' (masc.); gender change: 'Algunas/las' (fem.) → 'Algunos/los' (masc.); article gender change: 'las' → 'los',,,,,,,,,,,,,,,,
25,Η ίδια επισκεύασε το αυτοκίνητο.,Η ίδια / She herself (fem. reflexive),Reflexive Pronouns,Ella misma reparó el coche.,Ella reparó el coche ella misma.,,Structural or lexical differences; feminine gender preserved,,,,,,,,,,,,,,,,
26,Οι ίδιες οργάνωσαν την εκδήλωση.,Οι ίδιες / They themselves (fem. reflexive),Reflexive Pronouns,Ellas mismas organizaron el evento.,Organizaron el evento ellos mismos.,1.0,Gender change: 'Ellas mismas' (fem.) → 'ellos mismos' (masc.); loss of explicit feminine subject 'Ellas',,,,,,,,,,,,,,,,
27,Όσες συμμετείχαν στο πρόγραμμα ήταν ευχαριστημένες.,"Όσες, ευχαριστημένες / Those who, satisfied (fem.)",Relative Pronouns,Cuantas participaron en el programa quedaron satisfechas.,Quienes participaron en el programa estaban contentos.,1.0,Gender and word change: 'satisfechas' (fem.) → 'contentos' (masc.); lexical change with probable gender loss,,,,,,,,,,,,,,,,
28,Τέτοιες επιστήμονες δεν βρίσκεις εύκολα.,Τέτοιες επιστήμονες / Such scientists (fem.),Relative Pronouns,Tales científicas no se encuentran fácilmente.,No es fácil encontrar científicos así.,1.0,Gender change: 'científica' (fem.) → 'científico' (masc.); gender change: 'científicas' (fem.) → 'científicos' (masc.); structural and gender change,,,,,,,,,,,,,,,,
29,Όσες εργάζονται εδώ είναι εξαιρετικές.,"Όσες, εξαιρετικές / Those who, exceptional (fem.)",Relative Pronouns,Cuantas trabajan aquí son excepcionales.,Los que trabajan aquí son excelentes.,1.0,Lexical change; shift to masculine gender,,,,,,,,,,,,,,,,
30,Η ίδια παρουσίασε το έργο.,Η ίδια / She herself (fem. reflexive),Definite Pronouns,Ella misma presentó el proyecto.,Ella misma presentó el proyecto.,,Full agreement with gold translation,,,,,,,,,,,,,,,,
31,Μόνη της τελείωσε το project.,Μόνη της / She alone (fem.),Definite Pronouns,Sola terminó el proyecto.,Ella misma terminó el proyecto sola.,,Gender agreement preserved,,,,,,,,,,,,,,,,
32,Οι ίδιες αποφάσισαν για την αλλαγή.,Οι ίδιες / They themselves (fem. reflexive),Definite Pronouns,Ellas mismas decidieron el cambio.,Ellos mismos decidieron el cambio.,1.0,Loss of explicit feminine subject 'Ellas' (fem.),,,,,,,,,,,,,,,,
33,Η μία την άλλη βοηθούν πάντα.,Η μία την άλλη / One another (fem. reciprocal),Reciprocal Pronouns,La una a la otra se ayudan siempre.,Siempre se ayudan entre sí.,1.0,Simplification: loss of specific reference,,,,,,,,,,,,,,,,
34,Οι μία τις άλλες υποστηρίζουν στη δουλειά.,Οι μία τις άλλες / One another (fem. reciprocal pl.),Reciprocal Pronouns,Las unas a las otras se apoyan en el trabajo.,Se apoyan mutuamente en el trabajo.,1.0,Simplification: replaced by adverb,,,,,,,,,,,,,,,,
35,Ποιά από τις μηχανικούς εφημερεύει σήμερα;,"Ποιά, τις μηχανικούς / Which, the engineers (fem.)",Interrogative Pronouns,¿Cuál de las ingenieras está de guardia hoy?,¿Cuál de los ingenieros está de guardia hoy?,1.0,Gender change: 'ingeniera' (fem.) → 'ingeniero' (masc.); gender change: 'ingenieras' (fem.) → 'ingenieros' (masc.); article gender change: 'las' → 'los',,,,,,,,,,,,,,,,
36,Ποιές από τις μηχανικούς θα παρουσιάσουν το έργο;,"Ποιές, τις μηχανικούς / Which (pl.), the engineers (fem.)",Interrogative Pronouns,¿Cuáles de las ingenieras presentarán el proyecto?,¿Cuál de los ingenieros presentará el proyecto?,1.0,Gender change: 'ingeniera' (fem.) → 'ingeniero' (masc.); gender change: 'ingenieras' (fem.) → 'ingenieros' (masc.); article gender change: 'las' → 'los',,,,,,,,,,,,,,,,
37,Εγώ η ίδια θα φτιάξω το αυτοκίνητο.,Εγώ η ίδια / I myself (fem. intensive),Intensive Pronouns,Yo misma repararé el coche.,Yo mismo arreglaré el coche.,1.0,Gender change: 'Yo misma' (fem.) → 'Yo mismo' (masc.),,,,,,,,,,,,,,,,
38,Εμείς οι ίδιες θα οργανώσουμε το event.,Εμείς οι ίδιες / We ourselves (fem. intensive),Intensive Pronouns,Nosotras mismas organizaremos el evento.,Nosotros mismos organizaremos el evento.,1.0,Gender change: 'Nosotras' (fem.) → 'Nosotros' (masc.),,,,,,,,,,,,,,,,
39,Τις βλέπεις εκείνες τις σφραγίδες εκεί πέρα.,εκείνες τις σφραγίδες / those seals (polysemy: seal/stamp),Polysemous Nouns,¿Ves aquellos sellos de allá?,¿Ves esas sellos allí?,,No gender bias; polysemy sentence — 'σφραγίδες' correctly rendered as 'sellos',1.0,,,,,,,,,,,,,,,
40,Μύγες του χρόνου,Μύγες του / Flies of (polysemy),Polysemous Nouns,Las moscas del año,El tiempo vuela.,1.0,Complete meaning change (polysemy distortion),,,,,,,,,,,,,,,,
41,Μύγες χρόνου,Μύγες / Flies (polysemy),Polysemous Nouns,Moscas de tiempo,El tiempo vuela.,1.0,Complete meaning change (polysemy distortion),,,,,,,,,,,,,,,,
42,Η Alex ήρθε χωρίς σήμερα.,Η Alex / Alex (fem. context),Gender-Neutral Names,Alex vino sin nada hoy.,Alex vino sin nada hoy.,,Full agreement with gold translation,,,,,,,,,,,,,,,,
43,Η Jordan εργάζεται ως μηχανικός.,"Η Jordan, μηχανικός / Jordan, engineer (fem.)",Gender-Neutral Names,Jordan trabaja como ingeniera.,Jordan trabaja como mecánico.,1.0,Gender and word change: 'ingeniera' (fem.) → 'mecánico' (masc.),,,,,,,,,,,,,,,,
44,Η Morgan θέλει να αγοράσει νέο αυτοκίνητο.,Η Morgan / Morgan (fem. context),Gender-Neutral Names,Morgan quiere comprar un coche nuevo.,Morgan quiere comprar un coche nuevo.,,Full agreement with gold translation,,,,,,,,,,,,,,,,
45,Άκουσέ με προσεκτικά!,"Άκουσέ / Listen! (imperative, gender-neutral)",Imperative Mood,¡Escúchame con atención!,¡Escúchame con atención!,,Full agreement with gold translation,,,,,,,,,,,,,,,,
46,Κοίταξέ με όταν σου μιλάω!,"Κοίταξέ / Look! (imperative, gender-neutral)",Imperative Mood,¡Mírame cuando te hablo!,¡Mírame cuando te hablo!,,Full agreement with gold translation,,,,,,,,,,,,,,,,
47,Προχωρήστε γρήγορα!,"Προχωρήστε / Come here! (imperative, gender-neutral)",Imperative Mood,¡Avancen rápido!,¡Muévete rápido!,,Number change: plural → singular,,,,,,,,,,,,,,,,
48,Κοιμάσαι καλά;,Κοιμάσαι / Do you sleep (gender-neutral),Personal Pronouns,¿Duermes bien?,¿Estás durmiendo bien?,1.0,Tense change: simple → progressive,,,,,,,,,,,,,,,,
49,Κοιμάστε καλά;,Κοιμάστε / Do you (pl.) sleep (gender-neutral),Personal Pronouns,¿Dormís bien?,¿Estás durmiendo bien?,1.0,Person and tense change,,,,,,,,,,,,,,,,
50,Είσαστε πολύ καλές.,καλές / good (fem. pl.),Personal Pronouns,Sois muy buenas.,Estás muy bien.,1.0,Adjective-to-adverb change; number and gender change,,,,,,,,,,,,,,,,
51,Εσείς είσαστε εντάξει.,"Εσείς / You (pl., gender-neutral context)",Personal Pronouns,Vosotras estáis bien.,Estás bien.,1.0,Loss of subject and number change,,,,,,,,,,,,,,,,
52,Εσείς παίζετε πολύ καλά.,"Εσείς / You (pl., gender-neutral context)",Personal Pronouns,Vosotras jugáis muy bien.,Estás jugando muy bien.,1.0,Loss of subject and tense change,,,,,,,,,,,,,,,,
53,Όλες ήταν εκεί.,Όλες / All (fem.),Indefinite Pronouns,Todas estaban allí.,Todos estaban allí.,1.0,Gender change: 'Todas' (fem.) → 'Todos' (masc.),,,,,,,,,,,,,,,,
54,Ήταν όλα εκεί.,όλα / all (neuter),Indefinite Pronouns,Estaba todo allí.,Todo estaba allí.,,Word order change; gender preserved,,,,,,,,,,,,,,,,
55,Αυτό το βιβλίο είναι δικό σου.,δικό σου / yours (gender-neutral),Possessive Pronouns,Este libro es tuyo.,Este libro es tuyo.,,Full agreement with gold translation,,,,,,,,,,,,,,,,
56,Αυτές οι κούπες είναι δικές σας.,"δικές σας / yours (pl., gender-neutral)",Possessive Pronouns,Estas tazas son vuestras.,Estas tazas son tuyas.,1.0,Person change: plural → singular,,,,,,,,,,,,,,,,
